Variable,Valor,Iteracion,time_connect,time_appconnect,handshake_ms,time_total,http_code,status
Latencia,0,1,0.02465,0.075279,50.629,0.236658,200,OK
Latencia,0,2,0.016711,0.061134,44.423,0.154076,200,OK
Latencia,0,3,0.023421,0.06735,43.929,0.210646,200,OK
Latencia,0,4,0.020422,0.067605,47.183,0.191924,200,OK
Latencia,0,5,0.019995,0.065282,45.287,0.165534,200,OK
Latencia,0,6,0.025693,0.074145,48.452,0.192278,200,OK
Latencia,0,7,0.018577,0.063176,44.599,0.203673,200,OK
Latencia,0,8,0.01685,0.057845,40.995,0.199312,200,OK
Latencia,0,9,0.025611,0.074088,48.477,0.230015,200,OK
Latencia,0,10,0.024563,0.069754,45.191,0.172003,200,OK
Latencia,0,11,0.021192,0.070037,48.845,0.171895,200,OK
Latencia,0,12,0.018364,0.065401,47.037,0.190325,200,OK
Latencia,0,13,0.023625,0.073142,49.517,0.204697,200,OK
Latencia,0,14,0.024238,0.074154,49.916,0.19377,200,OK
Latencia,0,15,0.024513,0.068192,43.679,0.183462,200,OK
Latencia,0,16,0.014504,0.056357,41.853,0.152805,200,OK
Latencia,0,17,0.021544,0.070898,49.354,0.219754,200,OK
Latencia,0,18,0.02465,0.072205,47.555,0.162838,200,OK
Latencia,0,19,0.023317,0.071424,48.107,0.210298,200,OK
Latencia,0,20,0.018207,0.064135,45.928,0.163085,200,OK
Latencia,0,21,0.022402,0.067735,45.333,0.205494,200,OK
Latencia,0,22,0.015505,0.06049,44.985,0.161519,200,OK
Latencia,0,23,0.020615,0.083673,63.058,0.206672,200,OK
Latencia,0,24,0.015198,0.05781,42.612,0.153211,200,OK
Latencia,0,25,0.021146,0.070355,49.209,0.163621,200,OK
Latencia,0,26,0.017578,0.064325,46.747,0.160042,200,OK
Latencia,0,27,0.023888,0.073346,49.458,0.178598,200,OK
Latencia,0,28,0.023808,0.074223,50.415,0.202505,200,OK
Latencia,0,29,0.018106,0.059897,41.791,0.175296,200,OK
Latencia,0,30,0.021355,0.066684,45.329,0.183763,200,OK
Latencia,0,31,0.021971,0.071657,49.686,0.162248,200,OK
Latencia,0,32,0.019273,0.065407,46.134,0.153476,200,OK
Latencia,0,33,0.022265,0.070088,47.823,0.160556,200,OK
Latencia,0,34,0.026392,0.076261,49.869,0.202134,200,OK
Latencia,0,35,0.025253,0.07202,46.767,0.194268,200,OK
Latencia,0,36,0.019711,0.065346,45.635,0.177367,200,OK
Latencia,0,37,0.021018,0.066685,45.667,0.170644,200,OK
Latencia,0,38,0.016228,0.060359,44.131,0.160423,200,OK
Latencia,0,39,0.024871,0.072777,47.906,0.16525,200,OK
Latencia,0,40,0.023837,0.063552,39.715,0.153681,200,OK
Latencia,0,41,0.012648,0.051037,38.389,0.16715,200,OK
Latencia,0,42,0.012963,0.052102,39.139,0.141774,200,OK
Latencia,0,43,0.018154,0.058971,40.817,0.146522,200,OK
Latencia,0,44,0.012744,0.051829,39.085,0.145177,200,OK
Latencia,0,45,0.01929,0.064877,45.587,0.187278,200,OK
Latencia,0,46,0.023203,0.074564,51.361,0.172617,200,OK
Latencia,0,47,0.024318,0.077329,53.011,0.176573,200,OK
Latencia,0,48,0.022662,0.07078,48.118,0.162036,200,OK
Latencia,0,49,0.019264,0.066363,47.099,0.163743,200,OK
Latencia,0,50,0.017416,0.060751,43.335,0.152375,200,OK
Latencia,50,1,0.074421,0.176213,101.792,0.456933,200,OK
Latencia,50,2,0.06977,0.175239,105.469,0.418536,200,OK
Latencia,50,3,0.070104,0.17201,101.906,0.483228,200,OK
Latencia,50,4,0.066659,0.180661,114.002,0.457546,200,OK
Latencia,50,5,0.065334,0.167446,102.112,0.438668,200,OK
Latencia,50,6,0.071242,0.173838,102.596,0.449234,200,OK
Latencia,50,7,0.070826,0.176837,106.011,0.424011,200,OK
Latencia,50,8,0.079921,0.177445,97.524,0.456918,200,OK
Latencia,50,9,0.073269,0.172894,99.625,0.452477,200,OK
Latencia,50,10,0.094227,0.202654,108.427,0.454862,200,OK
Latencia,50,11,0.077858,0.193472,115.614,0.447515,200,OK
Latencia,50,12,0.067924,0.170844,102.92,0.429781,200,OK
Latencia,50,13,0.074027,0.174754,100.727,0.418151,200,OK
Latencia,50,14,0.074799,0.176057,101.258,0.424074,200,OK
Latencia,50,15,0.07486,0.181793,106.933,0.429575,200,OK
Latencia,50,16,0.074725,0.176729,102.004,0.424819,200,OK
Latencia,50,17,0.074077,0.176524,102.447,0.420761,200,OK
Latencia,50,18,0.062611,0.154354,91.743,0.391244,200,OK
Latencia,50,19,0.064006,0.155398,91.392,0.40164,200,OK
Latencia,50,20,0.063174,0.158424,95.25,0.398902,200,OK
Latencia,50,21,0.074883,0.173907,99.024,0.418416,200,OK
Latencia,50,22,0.063094,0.152941,89.847,0.426231,200,OK
Latencia,50,23,0.065207,0.168101,102.894,0.410332,200,OK
Latencia,50,24,0.067305,0.169893,102.588,0.408614,200,OK
Latencia,50,25,0.064647,0.16838,103.733,0.410455,200,OK
Latencia,50,26,0.070681,0.174441,103.76,0.4181,200,OK
Latencia,50,27,0.067171,0.164942,97.771,0.412403,200,OK
Latencia,50,28,0.075288,0.176675,101.387,0.420608,200,OK
Latencia,50,29,0.074582,0.174143,99.561,0.432943,200,OK
Latencia,50,30,0.079407,0.183432,104.025,0.434631,200,OK
Latencia,50,31,0.066452,0.176005,109.553,0.430195,200,OK
Latencia,50,32,0.077738,0.177828,100.09,0.434495,200,OK
Latencia,50,33,0.069526,0.174388,104.862,0.43081,200,OK
Latencia,50,34,0.069557,0.164032,94.475,0.408412,200,OK
Latencia,50,35,0.063968,0.170293,106.325,0.425743,200,OK
Latencia,50,36,0.079381,0.175305,95.924,0.428669,200,OK
Latencia,50,37,0.075611,0.176742,101.131,0.434063,200,OK
Latencia,50,38,0.077658,0.178731,101.073,0.455035,200,OK
Latencia,50,39,0.071129,0.170653,99.524,0.449703,200,OK
Latencia,50,40,0.072577,0.173987,101.41,0.439439,200,OK
Latencia,50,41,0.071715,0.176591,104.876,0.413326,200,OK
Latencia,50,42,0.069909,0.170954,101.045,0.414419,200,OK
Latencia,50,43,0.069215,0.168947,99.732,0.420639,200,OK
Latencia,50,44,0.072386,0.177912,105.526,0.422744,200,OK
Latencia,50,45,0.062997,0.152331,89.334,0.396459,200,OK
Latencia,50,46,0.073808,0.176999,103.191,0.419132,200,OK
Latencia,50,47,0.063204,0.154653,91.449,0.466969,200,OK
Latencia,50,48,0.062112,0.157251,95.139,0.39508,200,OK
Latencia,50,49,0.06977,0.174259,104.489,0.43926,200,OK
Latencia,50,50,0.068962,0.171442,102.48,0.417831,200,OK
Latencia,100,1,0.11974,0.273565,153.825,0.672961,200,OK
Latencia,100,2,0.11784,0.268378,150.538,0.687175,200,OK
Latencia,100,3,0.125264,0.27821,152.946,0.669228,200,OK
Latencia,100,4,0.118113,0.261778,143.665,0.735807,200,OK
Latencia,100,5,0.116762,0.27195,155.188,0.66173,200,OK
Latencia,100,6,0.119182,0.269393,150.211,0.663303,200,OK
Latencia,100,7,0.123618,0.276541,152.923,0.663679,200,OK
Latencia,100,8,0.120382,0.273836,153.454,0.662812,200,OK
Latencia,100,9,0.117273,0.271687,154.414,0.661346,200,OK
Latencia,100,10,0.124732,0.273495,148.763,0.662632,200,OK
Latencia,100,11,0.125211,0.287892,162.681,0.686392,200,OK
Latencia,100,12,0.126201,0.279477,153.276,0.662318,200,OK
Latencia,100,13,0.125353,0.278399,153.046,0.667039,200,OK
Latencia,100,14,0.114173,0.266807,152.634,0.641833,200,OK
Latencia,100,15,0.114393,0.257195,142.802,0.64974,200,OK
Latencia,100,16,0.144629,0.296993,152.364,0.67847,200,OK
Latencia,100,17,0.118762,0.272028,153.266,0.662062,200,OK
Latencia,100,18,0.118345,0.266854,148.509,0.699531,200,OK
Latencia,100,19,0.114697,0.268999,154.302,0.682227,200,OK
Latencia,100,20,0.124859,0.28307,158.211,0.672437,200,OK
Latencia,100,21,0.119548,0.273656,154.108,0.700901,200,OK
Latencia,100,22,0.126275,0.279097,152.822,0.682173,200,OK
Latencia,100,23,0.134066,0.290888,156.822,0.686622,200,OK
Latencia,100,24,0.130567,0.280534,149.967,0.686927,200,OK
Latencia,100,25,0.114333,0.266202,151.869,0.647418,200,OK
Latencia,100,26,0.114959,0.270331,155.372,0.656316,200,OK
Latencia,100,27,0.113737,0.261733,147.996,0.647324,200,OK
Latencia,100,28,0.130478,0.281414,150.936,0.674884,200,OK
Latencia,100,29,0.13087,0.289584,158.714,0.717626,200,OK
Latencia,100,30,0.125839,0.280252,154.413,0.679004,200,OK
Latencia,100,31,0.118152,0.257072,138.92,0.643733,200,OK
Latencia,100,32,0.119465,0.27363,154.165,0.671135,200,OK
Latencia,100,33,0.121713,0.274148,152.435,0.704372,200,OK
Latencia,100,34,0.155745,0.317692,161.947,0.714046,200,OK
Latencia,100,35,0.124778,0.278525,153.747,0.678877,200,OK
Latencia,100,36,0.125765,0.293247,167.482,0.703976,200,OK
Latencia,100,37,0.161036,0.308524,147.488,0.708312,200,OK
Latencia,100,38,0.118795,0.276323,157.528,0.673373,200,OK
Latencia,100,39,0.121996,0.284969,162.973,0.707886,200,OK
Latencia,100,40,0.117556,0.271089,153.533,0.67243,200,OK
Latencia,100,41,0.119927,0.274808,154.881,0.663216,200,OK
Latencia,100,42,0.123353,0.278135,154.782,0.663712,200,OK
Latencia,100,43,0.125131,0.278361,153.23,0.673099,200,OK
Latencia,100,44,0.123693,0.277332,153.639,0.676385,200,OK
Latencia,100,45,0.12464,0.278508,153.868,0.670644,200,OK
Latencia,100,46,0.114113,0.266852,152.739,0.675954,200,OK
Latencia,100,47,0.114251,0.254413,140.162,0.642563,200,OK
Latencia,100,48,0.115461,0.263848,148.387,0.659148,200,OK
Latencia,100,49,0.116094,0.269417,153.323,0.653822,200,OK
Latencia,100,50,0.118328,0.271809,153.481,0.653141,200,OK
Latencia,200,1,0.221316,0.47291,251.594,1.172671,200,OK
Latencia,200,2,0.235136,0.488913,253.777,1.202155,200,OK
Latencia,200,3,0.22282,0.472084,249.264,1.170062,200,OK
Latencia,200,4,0.219877,0.469566,249.689,1.186033,200,OK
Latencia,200,5,0.221082,0.478309,257.227,1.212574,200,OK
Latencia,200,6,0.227962,0.479937,251.975,1.19106,200,OK
Latencia,200,7,0.224235,0.476834,252.599,1.186586,200,OK
Latencia,200,8,0.228153,0.470115,241.962,1.165456,200,OK
Latencia,200,9,0.222175,0.476349,254.174,1.177664,200,OK
Latencia,200,10,0.225459,0.475023,249.564,1.182637,200,OK
Latencia,200,11,0.230748,0.485675,254.927,1.176972,200,OK
Latencia,200,12,0.216909,0.465872,248.963,1.16388,200,OK
Latencia,200,13,0.217255,0.471649,254.394,1.177682,200,OK
Latencia,200,14,0.269365,0.531156,261.791,1.244297,200,OK
Latencia,200,15,0.218123,0.471678,253.555,1.163442,200,OK
Latencia,200,16,0.216695,0.468577,251.882,1.19038,200,OK
Latencia,200,17,0.240811,0.48247,241.659,1.216419,200,OK
Latencia,200,18,0.224393,0.470849,246.456,1.201514,200,OK
Latencia,200,19,0.273721,0.52742,253.699,1.232712,200,OK
Latencia,200,20,0.268456,0.514512,246.056,1.212105,200,OK
Latencia,200,21,0.22356,0.469345,245.785,1.289,200,OK
Latencia,200,22,0.218896,0.459617,240.721,1.827314,200,OK
Latencia,200,23,0.251406,0.596747,345.341,1.375249,200,OK
Latencia,200,24,0.22404,0.476974,252.934,1.17068,200,OK
Latencia,200,25,0.226905,0.478471,251.566,1.166228,200,OK
Latencia,200,26,0.21498,0.464683,249.703,1.157362,200,OK
Latencia,200,27,0.21732,0.463158,245.838,1.155354,200,OK
Latencia,200,28,0.219861,0.470839,250.978,1.167265,200,OK
Latencia,200,29,0.215911,0.467762,251.851,1.157949,200,OK
Latencia,200,30,0.216231,0.46989,253.659,1.15418,200,OK
Latencia,200,31,0.222664,0.48095,258.286,1.174249,200,OK
Latencia,200,32,0.21995,0.470937,250.987,1.171429,200,OK
Latencia,200,33,0.224238,0.470582,246.344,1.164795,200,OK
Latencia,200,34,0.232924,0.49003,257.106,1.192695,200,OK
Latencia,200,35,0.225043,0.479477,254.434,1.170873,200,OK
Latencia,200,36,0.218422,0.466116,247.694,1.153616,200,OK
Latencia,200,37,0.219216,0.474914,255.698,1.163769,200,OK
Latencia,200,38,0.215979,0.467816,251.837,1.157602,200,OK
Latencia,200,39,0.216695,0.462155,245.46,1.157084,200,OK
Latencia,200,40,0.220721,0.470849,250.128,1.156291,200,OK
Latencia,200,41,0.216699,0.465815,249.116,1.167384,200,OK
Latencia,200,42,0.222102,0.475702,253.6,1.170848,200,OK
Latencia,200,43,0.222508,0.468275,245.767,1.173389,200,OK
Latencia,200,44,0.224797,0.477203,252.406,1.173868,200,OK
Latencia,200,45,0.219258,0.458272,239.014,1.145145,200,OK
Latencia,200,46,0.215901,0.46163,245.729,1.157395,200,OK
Latencia,200,47,0.216688,0.461637,244.949,1.145125,200,OK
Latencia,200,48,0.222262,0.475193,252.931,1.170229,200,OK
Latencia,200,49,0.222493,0.475722,253.229,1.170634,200,OK
Latencia,200,50,0.215235,0.457494,242.259,1.15261,200,OK
Latencia,300,1,0.321032,0.66324,342.208,1.652761,200,OK
Latencia,300,2,0.31533,0.664316,348.986,1.654883,200,OK
Latencia,300,3,0.317663,0.666992,349.329,1.669985,200,OK
Latencia,300,4,0.318166,0.671623,353.457,1.674415,200,OK
Latencia,300,5,0.345362,0.693192,347.83,1.679705,200,OK
Latencia,300,6,0.323222,0.675677,352.455,1.676246,200,OK
Latencia,300,7,0.314385,0.665066,350.681,1.668536,200,OK
Latencia,300,8,0.325799,0.668094,342.295,1.657419,200,OK
Latencia,300,9,0.316246,0.669833,353.587,1.66708,200,OK
Latencia,300,10,0.315059,0.662049,346.99,1.685616,200,OK
Latencia,300,11,0.32365,0.672126,348.476,1.669773,200,OK
Latencia,300,12,0.313075,0.658669,345.594,1.651522,200,OK
Latencia,300,13,0.324758,0.682302,357.544,1.677287,200,OK
Latencia,300,14,0.317326,0.658773,341.447,1.654598,200,OK
Latencia,300,15,0.319054,0.672498,353.444,1.670015,200,OK
Latencia,300,16,0.318178,0.667937,349.759,1.664935,200,OK
Latencia,300,17,0.320814,0.668924,348.11,1.662963,200,OK
Latencia,300,18,0.317804,0.67056,352.756,1.660671,200,OK
Latencia,300,19,0.319929,0.6681,348.171,1.666359,200,OK
Latencia,300,20,0.317302,0.667846,350.544,1.673936,200,OK
Latencia,300,21,0.312697,0.656324,343.627,1.67004,200,OK
Latencia,300,22,0.322877,0.6694,346.523,1.664681,200,OK
Latencia,300,23,0.318651,0.672096,353.445,1.6743,200,OK
Latencia,300,24,0.337888,0.685305,347.417,1.688636,200,OK
Latencia,300,25,0.340228,0.685341,345.113,1.69364,200,OK
Latencia,300,26,0.319836,0.672618,352.782,1.680993,200,OK
Latencia,300,27,0.324878,0.664381,339.503,1.654263,200,OK
Latencia,300,28,0.313034,0.659188,346.154,1.325151,302,OK
Latencia,300,29,0.316276,0.66064,344.364,1.661511,200,OK
Latencia,300,30,0.325304,0.681894,356.59,1.681318,200,OK
Latencia,300,31,0.321163,0.673313,352.15,1.531364,302,OK
Latencia,300,32,0.314558,0.664407,349.849,1.357772,302,OK
Latencia,300,33,0.34067,0.69118,350.51,1.548318,302,OK
Latencia,300,34,0.322922,0.67307,350.148,1.543056,302,OK
Latencia,300,35,0.325251,0.677369,352.118,1.376887,302,OK
Latencia,300,36,0.318617,0.666193,347.576,1.311923,302,OK
Latencia,300,37,0.318851,0.665966,347.115,1.281041,302,OK
Latencia,300,38,0.322813,0.674112,351.299,1.356826,302,OK
Latencia,300,39,0.328887,0.691921,363.034,1.597879,302,OK
Latencia,300,40,0.314924,0.667342,352.418,1.261405,302,OK
Latencia,300,41,0.324798,0.670599,345.801,1.371554,302,OK
Latencia,300,42,0.313771,0.658224,344.453,1.281996,302,OK
Latencia,300,43,0.314908,0.66599,351.082,1.434517,302,OK
Latencia,300,44,0.320281,0.674554,354.273,1.292359,302,OK
Latencia,300,45,0.315623,0.661107,345.484,1.307887,302,OK
Latencia,300,46,0.316253,0.663694,347.441,1.572481,302,OK
Latencia,300,47,0.31512,0.663852,348.732,1.51871,302,OK
Latencia,300,48,0.318603,0.66614,347.537,1.375259,302,OK
Latencia,300,49,0.321288,0.671192,349.904,1.284868,302,OK
Latencia,300,50,0.320141,0.673685,353.544,1.608738,302,OK
Perdida,0,1,0.012461,0.051122,38.661,0.383223,302,OK
Perdida,0,2,0.013797,0.05468,40.883,0.707917,302,OK
Perdida,0,3,0.013655,0.05627,42.615,0.537842,302,OK
Perdida,0,4,0.032563,0.079987,47.424,0.61409,302,OK
Perdida,0,5,0.019798,0.062839,43.041,0.431105,302,OK
Perdida,0,6,0.013889,0.059088,45.199,0.49872,302,OK
Perdida,0,7,0.01414,0.057103,42.963,0.501165,302,OK
Perdida,0,8,0.014253,0.057006,42.753,0.406582,302,OK
Perdida,0,9,0.016844,0.060358,43.514,0.498227,302,OK
Perdida,0,10,0.024795,0.093229,68.434,0.608602,302,OK
Perdida,0,11,0.031379,0.093468,62.089,0.614229,302,OK
Perdida,0,12,0.04049,0.080897,40.407,0.570535,302,OK
Perdida,0,13,0.023239,0.066954,43.715,0.603981,302,OK
Perdida,0,14,0.015073,0.059584,44.511,0.423362,302,OK
Perdida,0,15,0.030408,0.07445,44.042,0.4114,302,OK
Perdida,0,16,0.01884,0.063824,44.984,0.454856,302,OK
Perdida,0,17,0.014015,0.064791,50.776,0.397468,302,OK
Perdida,0,18,0.013831,0.056623,42.792,0.405372,302,OK
Perdida,0,19,0.014599,0.059531,44.932,0.462144,302,OK
Perdida,0,20,0.015236,0.058711,43.475,0.529059,302,OK
Perdida,0,21,0.014676,0.057769,43.093,0.502205,302,OK
Perdida,0,22,0.012417,0.054502,42.085,0.60545,302,OK
Perdida,0,23,0.021886,0.064745,42.859,0.498853,302,OK
Perdida,0,24,0.013463,0.055485,42.022,0.607791,302,OK
Perdida,0,25,0.014336,0.064043,49.707,0.401028,302,OK
Perdida,0,26,0.013906,0.057678,43.772,0.711568,302,OK
Perdida,0,27,0.015133,0.055713,40.58,0.499148,302,OK
Perdida,0,28,0.024059,0.074846,50.787,0.477788,302,OK
Perdida,0,29,0.014107,0.055064,40.957,0.496969,302,OK
Perdida,0,30,0.01413,0.057666,43.536,0.452521,302,OK
Perdida,0,31,0.021074,0.063172,42.098,0.42972,302,OK
Perdida,0,32,0.016196,0.068045,51.849,0.500083,302,OK
Perdida,0,33,0.013829,0.055522,41.693,0.581064,302,OK
Perdida,0,34,0.020764,0.068733,47.969,0.521165,302,OK
Perdida,0,35,0.023387,0.072611,49.224,0.455979,302,OK
Perdida,0,36,0.014,0.060129,46.129,0.486461,302,OK
Perdida,0,37,0.019683,0.067144,47.461,0.393914,302,OK
Perdida,0,38,0.013233,0.060331,47.098,0.402745,302,OK
Perdida,0,39,0.042196,0.089525,47.329,0.473207,302,OK
Perdida,0,40,0.021195,0.069916,48.721,0.437401,302,OK
Perdida,0,41,0.022313,0.067584,45.271,0.396567,302,OK
Perdida,0,42,0.027952,0.072823,44.871,0.492272,302,OK
Perdida,0,43,0.02474,0.06579,41.05,0.528348,302,OK
Perdida,0,44,0.067608,0.124424,56.816,0.461406,302,OK
Perdida,0,45,0.024035,0.06864,44.605,0.604028,302,OK
Perdida,0,46,0.025583,0.073936,48.353,0.477623,302,OK
Perdida,0,47,0.018588,0.06184,43.252,0.44926,302,OK
Perdida,0,48,0.019394,0.065987,46.593,0.616015,302,OK
Perdida,0,49,0.053832,0.11311,59.278,0.425425,302,OK
Perdida,0,50,0.017654,0.06322,45.566,0.52589,302,OK
Perdida,1,1,0.016234,0.059143,42.909,0.582799,302,OK
Perdida,1,2,0.014322,0.065833,51.511,0.438514,302,OK
Perdida,1,3,0.053615,0.105442,51.827,0.448209,302,OK
Perdida,1,4,0.030838,0.072336,41.498,0.461571,302,OK
Perdida,1,5,0.017989,0.061386,43.397,0.364984,302,OK
Perdida,1,6,0.02099,0.068549,47.559,0.598262,302,OK
Perdida,1,7,0.026181,0.07234,46.159,0.3759,302,OK
Perdida,1,8,0.017662,0.062354,44.692,0.318626,302,OK
Perdida,1,9,0.027004,0.072077,45.073,0.662623,302,OK
Perdida,1,10,0.021768,0.066184,44.416,0.725403,302,OK
Perdida,1,11,0.018383,0.059473,41.09,0.358836,302,OK
Perdida,1,12,0.025177,0.072601,47.424,0.357886,302,OK
Perdida,1,13,0.058595,0.107409,48.814,0.392283,302,OK
Perdida,1,14,0.020738,0.065957,45.219,0.36261,302,OK
Perdida,1,15,0.03622,0.09462,58.4,0.641826,302,OK
Perdida,1,16,0.015368,0.07018,54.812,0.584176,302,OK
Perdida,1,17,0.043291,0.084119,40.828,0.410169,302,OK
Perdida,1,18,0.025236,0.07004,44.804,0.393281,302,OK
Perdida,1,19,0.019654,0.066331,46.677,0.473353,302,OK
Perdida,1,20,0.020892,0.070015,49.123,0.528677,302,OK
Perdida,1,21,0.014817,0.063362,48.545,0.543268,302,OK
Perdida,1,22,0.015782,0.07519,59.408,0.63289,302,OK
Perdida,1,23,0.016618,0.05987,43.252,0.351104,302,OK
Perdida,1,24,0.017327,0.066652,49.325,0.398513,302,OK
Perdida,1,25,0.024995,0.070962,45.967,0.437098,302,OK
Perdida,1,26,0.015772,0.060497,44.725,0.416824,302,OK
Perdida,1,27,0.015059,0.061669,46.61,0.671671,302,OK
Perdida,1,28,0.015367,0.05718,41.813,0.466875,302,OK
Perdida,1,29,0.039039,0.089473,50.434,0.990175,302,OK
Perdida,1,30,0.02935,0.073844,44.494,0.636003,302,OK
Perdida,1,31,0.044233,0.089659,45.426,0.811037,302,OK
Perdida,1,32,0.029854,0.076744,46.89,0.410577,302,OK
Perdida,1,33,0.03115,0.073277,42.127,0.682519,302,OK
Perdida,1,34,0.01335,0.053635,40.285,0.502712,302,OK
Perdida,1,35,0.014439,0.056236,41.797,0.43271,302,OK
Perdida,1,36,0.02117,0.064656,43.486,0.560321,302,OK
Perdida,1,37,0.014663,0.060105,45.442,0.469356,302,OK
Perdida,1,38,0.028771,0.076923,48.152,0.616377,302,OK
Perdida,1,39,0.014656,0.054748,40.092,0.400714,302,OK
Perdida,1,40,0.017069,0.067811,50.742,0.411515,302,OK
Perdida,1,41,0.02418,0.07122,47.04,0.344591,302,OK
Perdida,1,42,0.019652,0.063381,43.729,0.600853,302,OK
Perdida,1,43,0.02462,0.072442,47.822,0.585996,302,OK
Perdida,1,44,0.013254,0.057301,44.047,0.406552,302,OK
Perdida,1,45,0.022189,0.068891,46.702,0.466375,302,OK
Perdida,1,46,0.025956,0.067562,41.606,0.399644,302,OK
Perdida,1,47,0.015014,0.059441,44.427,0.595328,302,OK
Perdida,1,48,0.013138,0.056794,43.656,0.436012,302,OK
Perdida,1,49,0.013636,0.058379,44.743,0.56612,302,OK
Perdida,1,50,0.014152,0.059067,44.915,0.395266,302,OK
Perdida,3,1,0.014619,0.058615,43.996,0.448095,302,OK
Perdida,3,2,0.015748,0.064326,48.578,0.58644,302,OK
Perdida,3,3,0.014066,0.05675,42.684,0.351646,302,OK
Perdida,3,4,0.025324,0.074937,49.613,0.45421,302,OK
Perdida,3,5,0.028389,0.07111,42.721,0.526692,302,OK
Perdida,3,6,0.021208,0.066207,44.999,0.585106,302,OK
Perdida,3,7,0.019547,0.067278,47.731,0.600883,302,OK
Perdida,3,8,0.021829,0.09102,69.191,0.589828,302,OK
Perdida,3,9,0.019753,0.061709,41.956,0.465284,302,OK
Perdida,3,10,0.030294,0.078895,48.601,0.45956,302,OK
Perdida,3,11,0.080629,0.134884,54.255,0.665556,302,OK
Perdida,3,12,0.015934,0.055509,39.575,0.479254,302,OK
Perdida,3,13,0.023743,0.068129,44.386,0.324481,302,OK
Perdida,3,14,0.024537,0.077929,53.392,0.629119,302,OK
Perdida,3,15,0.021224,0.066841,45.617,0.583908,302,OK
Perdida,3,16,0.013851,0.055445,41.594,0.475567,302,OK
Perdida,3,17,0.017476,0.063986,46.51,0.375403,302,OK
Perdida,3,18,0.020631,0.061214,40.583,0.622166,302,OK
Perdida,3,19,0.023913,0.071301,47.388,0.480452,302,OK
Perdida,3,20,0.024735,0.076349,51.614,0.477319,302,OK
Perdida,3,21,0.014897,0.05633,41.433,0.549797,302,OK
Perdida,3,22,0.016291,0.060503,44.212,0.550348,302,OK
Perdida,3,23,0.01496,0.060192,45.232,0.601,302,OK
Perdida,3,24,0.018202,0.058176,39.974,0.400493,302,OK
Perdida,3,25,0.023075,0.071179,48.104,0.581644,302,OK
Perdida,3,26,0.02573,0.07809,52.36,0.358304,302,OK
Perdida,3,27,0.018764,0.062006,43.242,0.596017,302,OK
Perdida,3,28,0.024061,0.069631,45.57,0.580419,302,OK
Perdida,3,29,0.023988,0.072649,48.661,0.480183,302,OK
Perdida,3,30,0.015242,0.056952,41.71,0.593603,302,OK
Perdida,3,31,0.013754,0.060483,46.729,0.539373,302,OK
Perdida,3,32,0.01579,0.06304,47.25,0.565928,302,OK
Perdida,3,33,0.014143,0.056104,41.961,0.710243,302,OK
Perdida,3,34,0.015156,0.064517,49.361,0.39759,302,OK
Perdida,3,35,0.014333,0.055915,41.582,0.500055,302,OK
Perdida,3,36,0.014199,0.057386,43.187,0.470182,302,OK
Perdida,3,37,0.02412,0.069801,45.681,0.433759,302,OK
Perdida,3,38,0.015665,0.058918,43.253,0.399085,302,OK
Perdida,3,39,0.013575,0.057002,43.427,0.394716,302,OK
Perdida,3,40,0.017341,0.063408,46.067,0.488879,302,OK
Perdida,3,41,0.014423,0.055442,41.019,0.351315,302,OK
Perdida,3,42,0.013702,0.05659,42.888,0.324313,302,OK
Perdida,3,43,0.020333,0.061514,41.181,0.604862,302,OK
Perdida,3,44,0.013507,0.058078,44.571,0.395183,302,OK
Perdida,3,45,0.013267,0.05472,41.453,0.391339,302,OK
Perdida,3,46,0.013165,0.05433,41.165,0.399183,302,OK
Perdida,3,47,0.027389,0.073683,46.294,0.479457,302,OK
Perdida,3,48,0.01578,0.062332,46.552,0.475428,302,OK
Perdida,3,49,0.013225,0.05939,46.165,0.526296,302,OK
Perdida,3,50,0.021357,0.071457,50.1,0.595573,302,OK
Perdida,5,1,0.031183,0.080861,49.678,0.45897,302,OK
Perdida,5,2,0.01532,0.064011,48.691,0.370619,302,OK
Perdida,5,3,0.01281,0.051707,38.897,0.346254,302,OK
Perdida,5,4,0.013829,0.056496,42.667,0.587041,302,OK
Perdida,5,5,0.021458,0.062848,41.39,0.415235,302,OK
Perdida,5,6,0.420736,0.463571,42.835,0.782259,302,OK
Perdida,5,7,0.420814,0.468796,47.982,0.89538,302,OK
Perdida,5,8,0.015588,0.05937,43.782,0.624317,302,OK
Perdida,5,9,0.013811,0.055684,41.873,0.60103,302,OK
Perdida,5,10,0.014954,0.060171,45.217,0.400357,302,OK
Perdida,5,11,0.014041,0.053166,39.125,0.461578,302,OK
Perdida,5,12,0.016479,0.058587,42.108,0.528551,302,OK
Perdida,5,13,0.013605,0.055093,41.488,0.494178,302,OK
Perdida,5,14,0.014797,0.060348,45.551,0.923249,302,OK
Perdida,5,15,0.015304,0.061785,46.481,0.49931,302,OK
Perdida,5,16,0.024079,0.06895,44.871,0.625581,302,OK
Perdida,5,17,0.046473,0.108494,62.021,0.579986,302,OK
Perdida,5,18,0.015074,0.309664,294.59,0.876658,302,OK
Perdida,5,19,0.015026,0.059142,44.116,0.501555,302,OK
Perdida,5,20,0.449679,0.49962,49.941,0.911405,302,OK
Perdida,5,21,0.014171,0.058818,44.647,0.50064,302,OK
Perdida,5,22,0.012945,0.052958,40.013,0.469611,302,OK
Perdida,5,23,0.018515,0.065411,46.896,0.739489,302,OK
Perdida,5,24,0.014321,0.058172,43.851,0.398878,302,OK
Perdida,5,25,0.016076,0.069071,52.995,0.601129,302,OK
Perdida,5,26,0.01417,0.302461,288.291,0.763987,302,OK
Perdida,5,27,0.040953,0.083685,42.732,0.440489,302,OK
Perdida,5,28,0.014802,0.055558,40.756,0.418006,302,OK
Perdida,5,29,0.01768,0.066424,48.744,0.474389,302,OK
Perdida,5,30,0.0136,0.053037,39.437,0.397285,302,OK
Perdida,5,31,0.016577,0.062772,46.195,0.393477,302,OK
Perdida,5,32,0.020506,0.060909,40.403,0.383677,302,OK
Perdida,5,33,0.014864,0.058319,43.455,0.494044,302,OK
Perdida,5,34,0.418915,0.463033,44.118,0.947953,302,OK
Perdida,5,35,0.01416,0.057999,43.839,0.479111,302,OK
Perdida,5,36,0.021167,0.06725,46.083,0.477094,302,OK
Perdida,5,37,0.013236,0.05434,41.104,0.60243,302,OK
Perdida,5,38,0.013567,0.055027,41.46,0.577683,302,OK
Perdida,5,39,0.015839,0.057782,41.943,0.633363,302,OK
Perdida,5,40,0.026244,0.070239,43.995,0.480019,302,OK
Perdida,5,41,0.024155,0.072638,48.483,0.47582,302,OK
Perdida,5,42,0.047203,0.094936,47.733,0.60574,302,OK
Perdida,5,43,0.013329,0.054782,41.453,0.499901,302,OK
Perdida,5,44,0.014052,0.059123,45.071,0.6315,302,OK
Perdida,5,45,0.013947,0.305436,291.489,0.782815,302,OK
Perdida,5,46,0.013918,0.06101,47.092,0.605723,302,OK
Perdida,5,47,0.013571,0.05547,41.899,0.503253,302,OK
Perdida,5,48,0.023863,0.070895,47.032,0.64073,302,OK
Perdida,5,49,0.017239,0.061443,44.204,0.63683,302,OK
Perdida,5,50,0.014045,0.054583,40.538,0.605793,302,OK
Perdida,10,1,0.015857,0.065591,49.734,0.48083,302,OK
Perdida,10,2,0.013169,0.052286,39.117,0.404668,302,OK
Perdida,10,3,0.012478,0.049786,37.308,0.459757,302,OK
Perdida,10,4,0.014328,0.058371,44.043,0.64995,302,OK
Perdida,10,5,0.028341,0.091725,63.384,0.705208,302,OK
Perdida,10,6,0.42403,0.476043,52.013,0.958875,302,OK
Perdida,10,7,0.0126,0.051719,39.119,0.436772,302,OK
Perdida,10,8,0.013652,1.619768,1606.116,2.132973,302,OK
Perdida,10,9,0.015942,0.059779,43.837,0.373018,302,OK
Perdida,10,10,0.01422,0.056575,42.355,0.416096,302,OK
Perdida,10,11,0.013505,0.052729,39.224,0.49899,302,OK
Perdida,10,12,0.025404,0.071241,45.837,0.604571,302,OK
Perdida,10,13,0.019793,0.063097,43.304,0.525627,302,OK
Perdida,10,14,0.01478,0.056511,41.731,0.768525,302,OK
Perdida,10,15,0.014009,0.061072,47.063,0.54142,302,OK
Perdida,10,16,0.014106,0.053074,38.968,0.663515,302,OK
Perdida,10,17,0.013523,0.05194,38.417,0.501573,302,OK
Perdida,10,18,0.019345,0.059915,40.57,0.40648,302,OK
Perdida,10,19,0.014435,0.056589,42.154,0.515835,302,OK
Perdida,10,20,0.015042,0.562189,547.147,0.98829,302,OK
Perdida,10,21,0.41958,0.461408,41.828,0.903487,302,OK
Perdida,10,22,0.016996,0.058606,41.61,0.400721,302,OK
Perdida,10,23,0.014371,0.297386,283.015,0.580668,302,OK
Perdida,10,24,0.014717,0.300451,285.734,0.621514,302,OK
Perdida,10,25,0.019174,0.064723,45.549,0.503647,302,OK
Perdida,10,26,0.014819,0.057722,42.903,0.572734,302,OK
Perdida,10,27,0.013953,0.054834,40.881,0.498568,302,OK
Perdida,10,28,0.017969,0.061072,43.103,0.493646,302,OK
Perdida,10,29,0.015928,0.307831,291.903,0.828054,302,OK
Perdida,10,30,0.014715,0.063155,48.44,0.700391,302,OK
Perdida,10,31,0.014206,0.060257,46.051,0.505124,302,OK
Perdida,10,32,0.01512,0.059159,44.039,0.56708,302,OK
Perdida,10,33,0.014323,0.060789,46.466,0.637424,302,OK
Perdida,10,34,0.015289,0.059684,44.395,0.319047,302,OK
Perdida,10,35,0.017035,0.061063,44.028,0.570084,302,OK
Perdida,10,36,0.014185,0.056869,42.684,0.46959,302,OK
Perdida,10,37,0.025573,0.07163,46.057,0.409475,302,OK
Perdida,10,38,0.018327,0.061217,42.89,0.480699,302,OK
Perdida,10,39,0.018237,0.350278,332.041,0.801866,302,OK
Perdida,10,40,0.015923,0.05654,40.617,0.505572,302,OK
Perdida,10,41,0.014406,0.060406,46.0,0.482425,302,OK
Perdida,10,42,0.013476,0.056661,43.185,0.413994,302,OK
Perdida,10,43,0.012416,0.30846,296.044,0.814231,302,OK
Perdida,10,44,0.027021,0.324865,297.844,0.835073,302,OK
Perdida,10,45,0.014566,0.077481,62.915,0.777258,302,OK
Perdida,10,46,0.013397,0.060013,46.616,0.50027,302,OK
Perdida,10,47,0.015392,0.059408,44.016,0.604526,302,OK
Perdida,10,48,0.013304,0.057279,43.975,0.498923,302,OK
Perdida,10,49,0.012973,0.052582,39.609,0.707039,302,OK
Perdida,10,50,0.013466,0.056599,43.133,0.421147,302,OK
Jitter,0,1,0.118356,0.269971,151.615,0.83425,302,OK
Jitter,0,2,0.116151,0.263876,147.725,0.914169,302,OK
Jitter,0,3,0.117583,0.263177,145.594,0.721203,302,OK
Jitter,0,4,0.135167,0.28738,152.213,0.913351,302,OK
Jitter,0,5,0.116374,0.269131,152.757,0.791174,302,OK
Jitter,0,6,0.118446,0.259246,140.8,0.740508,302,OK
Jitter,0,7,0.11515,0.264139,148.989,0.933548,302,OK
Jitter,0,8,0.11762,0.262497,144.877,0.626952,302,OK
Jitter,0,9,0.135645,0.288633,152.988,0.723918,302,OK
Jitter,0,10,0.166379,0.311356,144.977,0.682898,302,OK
Jitter,0,11,0.117608,0.268412,150.804,0.881,302,OK
Jitter,0,12,0.120789,0.264848,144.059,0.71646,302,OK
Jitter,0,13,0.137317,0.299471,162.154,0.685356,302,OK
Jitter,0,14,0.141771,0.304107,162.336,0.883973,302,OK
Jitter,0,15,0.117042,0.271073,154.031,0.818558,302,OK
Jitter,0,16,0.117745,0.271942,154.197,0.836567,302,OK
Jitter,0,17,0.14098,0.307392,166.412,0.698863,302,OK
Jitter,0,18,0.129469,0.28571,156.241,0.86358,302,OK
Jitter,0,19,0.119016,0.274478,155.462,0.869403,302,OK
Jitter,0,20,0.135841,0.287236,151.395,0.872103,302,OK
Jitter,0,21,0.131773,0.288481,156.708,0.827143,302,OK
Jitter,0,22,0.148011,0.3187,170.689,0.970515,302,OK
Jitter,0,23,0.122338,0.278647,156.309,0.717767,302,OK
Jitter,0,24,0.126988,0.271558,144.57,0.832412,302,OK
Jitter,0,25,0.120186,0.269848,149.662,0.786369,302,OK
Jitter,0,26,0.120853,0.266095,145.242,0.795953,302,OK
Jitter,0,27,0.125195,0.29257,167.375,0.687777,302,OK
Jitter,0,28,0.124908,0.268309,143.401,0.802218,302,OK
Jitter,0,29,0.123817,0.272959,149.142,0.692187,302,OK
Jitter,0,30,0.121311,0.264012,142.701,0.789118,302,OK
Jitter,0,31,0.118694,0.272184,153.49,0.740102,302,OK
Jitter,0,32,0.120661,0.275537,154.876,0.785971,302,OK
Jitter,0,33,0.131224,0.27825,147.026,0.90666,302,OK
Jitter,0,34,0.116484,0.265006,148.522,0.914219,302,OK
Jitter,0,35,0.117722,0.274337,156.615,0.913452,302,OK
Jitter,0,36,0.117678,0.274073,156.395,0.903852,302,OK
Jitter,0,37,0.117321,0.274501,157.18,0.91735,302,OK
Jitter,0,38,0.122611,0.277856,155.245,0.686966,302,OK
Jitter,0,39,0.12539,0.275317,149.927,0.926698,302,OK
Jitter,0,40,0.120681,0.269825,149.144,0.626161,302,OK
Jitter,0,41,0.123169,0.274084,150.915,0.628909,302,OK
Jitter,0,42,0.12399,0.291087,167.097,0.75848,302,OK
Jitter,0,43,0.118492,0.268558,150.066,0.843331,302,OK
Jitter,0,44,0.121632,0.265208,143.576,0.788827,302,OK
Jitter,0,45,0.124879,0.275353,150.474,0.897467,302,OK
Jitter,0,46,0.121994,0.276812,154.818,0.629002,302,OK
Jitter,0,47,0.115204,0.267547,152.343,0.874507,302,OK
Jitter,0,48,0.115738,0.270521,154.783,1.000616,302,OK
Jitter,0,49,0.114725,0.270946,156.221,0.9093,302,OK
Jitter,0,50,0.115921,0.261123,145.202,0.726914,302,OK
Jitter,10,1,0.121273,0.272845,151.572,0.715687,302,OK
Jitter,10,2,0.119535,0.258121,138.586,0.710461,302,OK
Jitter,10,3,0.12772,0.279003,151.283,0.751886,302,OK
Jitter,10,4,0.124757,0.280693,155.936,0.781931,302,OK
Jitter,10,5,0.119874,0.27854,158.666,0.706126,302,OK
Jitter,10,6,0.110136,0.267478,157.342,0.705295,302,OK
Jitter,10,7,0.112871,0.263098,150.227,0.611385,302,OK
Jitter,10,8,0.112694,0.257429,144.735,0.695086,302,OK
Jitter,10,9,0.106589,0.273012,166.423,0.71172,302,OK
Jitter,10,10,0.122766,0.283037,160.271,0.811127,302,OK
Jitter,10,11,0.117822,0.264622,146.8,0.867336,302,OK
Jitter,10,12,0.120874,0.259564,138.69,0.730325,302,OK
Jitter,10,13,0.114149,0.260982,146.833,0.90825,302,OK
Jitter,10,14,0.108774,0.250072,141.298,0.706965,302,OK
Jitter,10,15,0.125746,0.272378,146.632,0.708075,302,OK
Jitter,10,16,0.12024,0.283722,163.482,0.744991,302,OK
Jitter,10,17,0.116107,0.269975,153.868,0.649928,302,OK
Jitter,10,18,0.120926,0.279157,158.231,0.812492,302,OK
Jitter,10,19,0.107428,0.262105,154.677,0.806944,302,OK
Jitter,10,20,0.122166,0.296702,174.536,0.954543,302,OK
Jitter,10,21,0.112413,0.25288,140.467,0.763287,302,OK
Jitter,10,22,0.110313,0.274969,164.656,0.722991,302,OK
Jitter,10,23,0.125971,0.276136,150.165,0.64896,302,OK
Jitter,10,24,0.116361,0.257658,141.297,0.860593,302,OK
Jitter,10,25,0.123702,0.259317,135.615,0.681535,302,OK
Jitter,10,26,0.12357,0.279947,156.377,1.024159,302,OK
Jitter,10,27,0.125,0.274469,149.469,0.708894,302,OK
Jitter,10,28,0.109553,0.273392,163.839,0.803038,302,OK
Jitter,10,29,0.106237,0.249118,142.881,1.022834,302,OK
Jitter,10,30,0.108468,0.258925,150.457,0.901714,302,OK
Jitter,10,31,0.110505,0.24862,138.115,0.912501,302,OK
Jitter,10,32,0.122462,0.269688,147.226,0.725096,302,OK
Jitter,10,33,0.108335,0.263387,155.052,0.682638,302,OK
Jitter,10,34,0.125076,0.284729,159.653,0.728891,302,OK
Jitter,10,35,0.115261,0.261739,146.478,0.989047,302,OK
Jitter,10,36,0.111478,0.270281,158.803,0.916422,302,OK
Jitter,10,37,0.116212,0.257135,140.923,0.622528,302,OK
Jitter,10,38,0.121302,0.267081,145.779,0.774744,302,OK
Jitter,10,39,0.116401,0.26213,145.729,0.910626,302,OK
Jitter,10,40,0.114315,0.260387,146.072,0.811508,302,OK
Jitter,10,41,0.124277,0.28427,159.993,0.789325,302,OK
Jitter,10,42,0.115731,0.267578,151.847,0.79947,302,OK
Jitter,10,43,0.110796,0.246852,136.056,1.01404,302,OK
Jitter,10,44,0.109844,0.255339,145.495,0.905375,302,OK
Jitter,10,45,0.115208,0.259162,143.954,0.808885,302,OK
Jitter,10,46,0.123667,0.265739,142.072,0.806382,302,OK
Jitter,10,47,0.117675,0.262364,144.689,0.705832,302,OK
Jitter,10,48,0.117834,0.273566,155.732,0.808662,302,OK
Jitter,10,49,0.120888,0.271358,150.47,0.910123,302,OK
Jitter,10,50,0.119505,0.278708,159.203,0.7053,302,OK
Jitter,20,1,0.138337,0.294119,155.782,0.891018,302,OK
Jitter,20,2,0.103845,0.240275,136.43,0.823577,302,OK
Jitter,20,3,0.121937,0.254007,132.07,0.887403,302,OK
Jitter,20,4,0.111905,0.245497,133.592,0.900034,302,OK
Jitter,20,5,0.112909,0.260742,147.833,0.899622,302,OK
Jitter,20,6,0.111752,0.269026,157.274,0.725364,302,OK
Jitter,20,7,0.104329,0.238815,134.486,0.714213,302,OK
Jitter,20,8,0.1402,0.307768,167.568,0.653875,302,OK
Jitter,20,9,0.119955,0.277707,157.752,0.951378,302,OK
Jitter,20,10,0.116261,0.257031,140.77,0.918112,302,OK
Jitter,20,11,0.154713,0.287048,132.335,0.701712,302,OK
Jitter,20,12,0.149668,0.308234,158.566,0.934452,302,OK
Jitter,20,13,0.176185,0.331797,155.612,1.075676,302,OK
Jitter,20,14,0.129925,0.277674,147.749,1.011162,302,OK
Jitter,20,15,0.156475,0.297078,140.603,0.860071,302,OK
Jitter,20,16,0.104266,0.270826,166.56,0.957642,302,OK
Jitter,20,17,0.13411,0.298461,164.351,0.92838,302,OK
Jitter,20,18,0.13322,0.285943,152.723,0.772986,302,OK
Jitter,20,19,0.111642,0.245453,133.811,0.700212,302,OK
Jitter,20,20,0.126993,0.251404,124.411,1.014872,302,OK
Jitter,20,21,0.103794,0.2649,161.106,0.711327,302,OK
Jitter,20,22,0.095872,0.251101,155.229,0.909906,302,OK
Jitter,20,23,0.104079,0.270678,166.599,0.90248,302,OK
Jitter,20,24,0.11573,0.298076,182.346,0.925927,302,OK
Jitter,20,25,0.139746,0.272224,132.478,0.852428,302,OK
Jitter,20,26,0.136902,0.303783,166.881,0.888102,302,OK
Jitter,20,27,0.123457,0.270169,146.712,0.910201,302,OK
Jitter,20,28,0.123618,0.295167,171.549,0.888306,302,OK
Jitter,20,29,0.105161,0.275289,170.128,0.679251,302,OK
Jitter,20,30,0.153731,0.31156,157.829,0.804394,302,OK
Jitter,20,31,0.122443,0.27071,148.267,0.91193,302,OK
Jitter,20,32,0.128904,0.277966,149.062,0.865632,302,OK
Jitter,20,33,0.11676,0.287126,170.366,0.80752,302,OK
Jitter,20,34,0.132486,0.364298,231.812,1.000696,302,OK
Jitter,20,35,0.138679,0.422553,283.874,0.950836,302,OK
Jitter,20,36,0.201429,0.440646,239.217,1.015066,302,OK
Jitter,20,37,0.194454,0.446516,252.062,1.09974,302,OK
Jitter,20,38,0.105479,0.231428,125.949,0.826538,302,OK
Jitter,20,39,0.124502,0.293686,169.184,0.786571,302,OK
Jitter,20,40,0.122989,0.264139,141.15,0.89807,302,OK
Jitter,20,41,0.139191,0.291522,152.331,0.663067,302,OK
Jitter,20,42,0.104548,0.265782,161.234,0.753874,302,OK
Jitter,20,43,0.128373,0.267898,139.525,0.963249,302,OK
Jitter,20,44,0.11074,0.260714,149.974,0.812848,302,OK
Jitter,20,45,0.132588,0.268458,135.87,0.754494,302,OK
Jitter,20,46,0.13858,0.30234,163.76,0.83393,302,OK
Jitter,20,47,0.11599,0.264802,148.812,0.865158,302,OK
Jitter,20,48,0.103678,0.261281,157.603,0.853278,302,OK
Jitter,20,49,0.12821,0.297149,168.939,0.876776,302,OK
Jitter,20,50,0.138197,0.275739,137.542,0.843103,302,OK
Jitter,50,1,0.108756,0.226265,117.509,0.905845,302,OK
Jitter,50,2,0.090258,0.206824,116.566,0.661973,302,OK
Jitter,50,3,0.084397,0.253224,168.827,0.811681,302,OK
Jitter,50,4,0.104373,0.23723,132.857,0.710886,302,OK
Jitter,50,5,0.082146,0.217601,135.455,0.880646,302,OK
Jitter,50,6,0.103407,0.25623,152.823,0.887965,302,OK
Jitter,50,7,0.130504,0.23968,109.176,0.93315,302,OK
Jitter,50,8,0.095311,0.245827,150.516,0.872799,302,OK
Jitter,50,9,0.068313,0.183842,115.529,0.831758,302,OK
Jitter,50,10,0.157547,0.329092,171.545,0.889628,302,OK
Jitter,50,11,0.087897,0.240621,152.724,0.890452,302,OK
Jitter,50,12,0.176388,0.304373,127.985,0.908153,302,OK
Jitter,50,13,0.143497,0.27405,130.553,0.795915,302,OK
Jitter,50,14,0.158586,0.344986,186.4,0.8687,302,OK
Jitter,50,15,0.098242,0.262294,164.052,0.653952,302,OK
Jitter,50,16,0.090855,0.199722,108.867,0.692903,302,OK
Jitter,50,17,0.097576,0.208153,110.577,0.64148,302,OK
Jitter,50,18,0.109549,0.262636,153.087,0.904745,302,OK
Jitter,50,19,0.085602,0.244485,158.883,0.667658,302,OK
Jitter,50,20,0.072692,0.206066,133.374,0.812097,302,OK
Jitter,50,21,0.173468,0.330614,157.146,1.005723,302,OK
Jitter,50,22,0.090549,0.276295,185.746,0.667619,302,OK
Jitter,50,23,0.104985,0.303307,198.322,0.95218,302,OK
Jitter,50,24,0.161868,0.286135,124.267,1.054443,302,OK
Jitter,50,25,0.124571,0.255668,131.097,0.767077,302,OK
Jitter,50,26,0.085122,0.185937,100.815,0.633506,302,OK
Jitter,50,27,0.125351,0.242941,117.59,0.873317,302,OK
Jitter,50,28,0.100853,0.232095,131.242,0.814664,302,OK
Jitter,50,29,0.146783,0.304388,157.605,1.019218,302,OK
Jitter,50,30,0.129065,0.332956,203.891,0.870516,302,OK
Jitter,50,31,0.11179,0.269117,157.327,0.758831,302,OK
Jitter,50,32,0.099446,0.218591,119.145,0.683066,302,OK
Jitter,50,33,0.135955,0.308408,172.453,0.850543,302,OK
Jitter,50,34,0.131027,0.289942,158.915,0.860846,302,OK
Jitter,50,35,0.088375,0.1983,109.925,0.686752,302,OK
Jitter,50,36,0.161316,0.339536,178.22,0.889612,302,OK
Jitter,50,37,0.125449,0.285691,160.242,0.709268,302,OK
Jitter,50,38,0.119656,0.293383,173.727,0.999239,302,OK
Jitter,50,39,0.11028,0.301486,191.206,0.706481,302,OK
Jitter,50,40,0.132937,0.290264,157.327,0.729992,302,OK
Jitter,50,41,0.08005,0.241769,161.719,0.886642,302,OK
Jitter,50,42,0.117856,0.29295,175.094,0.972384,302,OK
Jitter,50,43,0.091818,0.26004,168.222,0.86157,302,OK
Jitter,50,44,0.142248,0.283636,141.388,0.819241,302,OK
Jitter,50,45,0.142747,0.260259,117.512,0.806946,302,OK
Jitter,50,46,0.134521,0.252346,117.825,0.858727,302,OK
Jitter,50,47,0.081854,0.206326,124.472,0.685463,302,OK
Jitter,50,48,0.108944,0.265315,156.371,0.808468,302,OK
Jitter,50,49,0.083054,0.269742,186.688,0.670798,302,OK
Jitter,50,50,0.113426,0.239743,126.317,1.047678,302,OK
